transaction_day,account_id,max_amount,average_amount,aa_total,cc_total,ff_total
2,A1,227.64,227.64,0.0,0.0,0.0
2,A10,557.57,490.755,0.0,423.94,0.0
2,A13,996.67,829.4,0.0,0.0,0.0
2,A14,733.77,425.37000000000006,0.0,351.16,191.18
2,A16,820.45,653.4166666666666,0.0,353.66,0.0
2,A17,788.24,788.24,788.24,0.0,0.0
2,A18,379.86,379.86,0.0,0.0,0.0
2,A19,14.42,14.42,0.0,0.0,0.0
2,A2,775.37,775.37,0.0,0.0,0.0
2,A20,490.24,490.24,0.0,0.0,0.0
2,A21,857.83,857.83,0.0,0.0,0.0
2,A23,416.36,416.36,0.0,0.0,0.0
2,A25,291.76,291.76,291.76,0.0,0.0
2,A27,338.11,338.11,0.0,0.0,0.0
2,A29,439.49,439.49,0.0,0.0,439.49
2,A31,115.88,115.88,0.0,0.0,0.0
2,A32,499.86,392.1,0.0,0.0,0.0
2,A33,352.64,228.16666666666666,0.0,0.0,0.0
2,A34,738.28,738.28,738.28,0.0,0.0
2,A35,826.1,571.3975,826.1,0.0,245.3
2,A4,732.07,608.755,0.0,0.0,0.0
2,A40,435.5,435.5,0.0,0.0,435.5
2,A41,181.65,181.65,0.0,0.0,181.65
2,A42,801.81,576.23,0.0,0.0,0.0
2,A43,886.73,662.9025,1280.19,1371.42,0.0
2,A44,949.92,592.3225,949.92,397.19,139.55
2,A45,662.98,662.98,0.0,0.0,0.0
2,A46,827.91,652.395,0.0,0.0,1304.79
2,A47,400.42,400.42,0.0,0.0,0.0
2,A48,193.57,193.57,193.57,0.0,0.0
2,A49,848.9,848.9,0.0,0.0,0.0
2,A5,677.89,452.07,0.0,183.1,0.0
2,A7,650.23,650.23,0.0,0.0,0.0
3,A1,227.64,227.64,0.0,0.0,0.0
3,A10,747.62,576.3766666666667,0.0,423.94,0.0
3,A11,914.89,597.085,1906.46,0.0,0.0
3,A12,928.86,683.87,0.0,0.0,438.88
3,A13,996.67,475.36,0.0,0.0,516.34
3,A14,733.77,425.37000000000006,0.0,351.16,191.18
3,A15,713.6,440.95500000000004,0.0,0.0,0.0
3,A16,820.45,653.4166666666666,0.0,353.66,0.0
3,A17,788.24,660.6949999999999,788.24,0.0,0.0
3,A18,379.86,379.86,0.0,0.0,0.0
3,A19,14.42,14.42,0.0,0.0,0.0
3,A2,775.37,775.37,0.0,0.0,0.0
3,A20,490.24,490.24,0.0,0.0,0.0
3,A21,857.83,416.9466666666667,0.0,0.0,0.0
3,A23,743.51,520.6733333333333,743.51,0.0,0.0
3,A24,298.56,298.56,0.0,0.0,0.0
3,A25,291.76,291.76,291.76,0.0,0.0
3,A27,764.79,618.7733333333334,0.0,764.79,753.42
3,A28,341.52,303.61,0.0,341.52,265.7
3,A29,495.34,398.85999999999996,0.0,0.0,439.49
3,A3,486.81,486.81,0.0,0.0,0.0
3,A30,958.29,958.29,0.0,0.0,0.0
3,A31,748.48,432.18,0.0,0.0,748.48
3,A32,499.86,392.1,0.0,0.0,0.0
3,A33,352.64,183.9725,0.0,0.0,0.0
3,A34,738.28,439.40000000000003,738.28,0.0,579.9200000000001
3,A35,944.66,626.1083333333333,826.1,0.0,1189.96
3,A37,338.21,338.21,0.0,338.21,0.0
3,A4,732.07,625.6666666666666,0.0,659.49,0.0
3,A40,633.84,534.6700000000001,0.0,0.0,435.5
3,A41,181.65,181.65,0.0,0.0,181.65
3,A42,801.81,639.8566666666667,0.0,0.0,0.0
3,A43,886.73,662.9025,1280.19,1371.42,0.0
3,A44,949.92,592.3225,949.92,397.19,139.55
3,A45,662.98,662.98,0.0,0.0,0.0
3,A46,827.91,588.4449999999999,1048.99,0.0,1304.79
3,A47,400.42,400.42,0.0,0.0,0.0
3,A48,797.19,495.38,990.76,0.0,0.0
3,A49,848.9,613.805,0.0,0.0,0.0
3,A5,677.89,381.8775,0.0,183.1,0.0
3,A6,959.67,503.78,0.0,0.0,0.0
3,A7,650.23,508.615,0.0,0.0,0.0
3,A8,624.81,371.8616666666667,598.28,253.09,323.22
3,A9,676.48,574.89,0.0,0.0,0.0
4,A1,227.64,227.64,0.0,0.0,0.0
4,A10,747.62,576.3766666666667,0.0,423.94,0.0
4,A11,914.89,597.085,1906.46,0.0,0.0
4,A12,928.86,651.4533333333334,0.0,0.0,438.88
4,A13,996.67,475.36,0.0,0.0,516.34
4,A14,733.77,475.26250000000005,0.0,351.16,191.18
4,A15,713.6,440.95500000000004,0.0,0.0,0.0
4,A16,820.45,653.4166666666666,0.0,353.66,0.0
4,A17,788.24,660.6949999999999,788.24,0.0,0.0
4,A18,379.86,268.57,157.28,0.0,0.0
4,A19,14.42,14.42,0.0,0.0,0.0
4,A2,775.37,775.37,0.0,0.0,0.0
4,A20,877.24,683.74,0.0,0.0,0.0
4,A21,857.83,416.9466666666667,0.0,0.0,0.0
4,A23,743.51,423.86,743.51,0.0,0.0
4,A24,298.56,298.56,0.0,0.0,0.0
4,A25,291.76,291.76,291.76,0.0,0.0
4,A26,43.57,43.57,0.0,0.0,0.0
4,A27,764.79,618.7733333333334,0.0,764.79,753.42
4,A28,530.93,379.3833333333334,0.0,872.4499999999999,265.7
4,A29,997.18,548.4399999999999,0.0,0.0,439.49
4,A3,873.58,603.6766666666666,0.0,0.0,0.0
4,A30,958.29,759.09,0.0,0.0,822.84
4,A31,748.48,432.18,0.0,0.0,748.48
4,A32,499.86,392.1,0.0,0.0,0.0
4,A33,352.64,183.9725,0.0,0.0,0.0
4,A34,738.28,514.796,738.28,0.0,579.9200000000001
4,A35,944.66,626.1083333333333,826.1,0.0,1189.96
4,A36,197.62,197.62,0.0,0.0,0.0
4,A37,338.21,338.21,0.0,338.21,0.0
4,A39,982.64,982.64,0.0,982.64,0.0
4,A4,732.07,625.6666666666666,0.0,659.49,0.0
4,A40,633.84,534.6700000000001,0.0,0.0,435.5
4,A41,775.15,478.4,0.0,0.0,181.65
4,A42,801.81,639.8566666666667,0.0,0.0,0.0
4,A43,886.73,662.9025,1280.19,1371.42,0.0
4,A44,949.92,574.2,1451.6299999999999,397.19,139.55
4,A45,855.74,606.7850000000001,0.0,213.21,0.0
4,A46,827.91,588.4449999999999,1048.99,0.0,1304.79
4,A47,400.42,400.42,0.0,0.0,0.0
4,A48,797.19,495.38,990.76,0.0,0.0
4,A49,848.9,613.805,0.0,0.0,0.0
4,A5,736.5,452.802,0.0,919.6,0.0
4,A6,959.67,503.78,0.0,0.0,0.0
4,A7,650.23,508.615,0.0,0.0,0.0
4,A8,624.81,371.8616666666667,598.28,253.09,323.22
4,A9,676.48,574.89,0.0,0.0,0.0
5,A1,977.98,602.81,0.0,0.0,977.98
5,A10,747.62,465.39750000000004,0.0,556.4,0.0
5,A11,914.89,597.085,1906.46,0.0,0.0
5,A12,928.86,594.972,0.0,0.0,438.88
5,A13,996.67,498.1166666666666,0.0,0.0,516.34
5,A14,931.16,595.4499999999999,796.33,890.77,191.18
5,A15,713.6,398.00750000000005,0.0,0.0,0.0
5,A16,874.84,708.7725,0.0,353.66,874.84
5,A17,788.24,645.3166666666667,1402.8,0.0,0.0
5,A18,718.32,488.77250000000004,157.28,0.0,0.0
5,A19,14.42,14.42,0.0,0.0,0.0
5,A2,775.37,493.7866666666667,0.0,0.0,0.0
5,A20,877.24,683.74,0.0,0.0,0.0
5,A21,920.24,532.7860000000001,0.0,492.85,0.0
5,A23,743.51,468.512,743.51,0.0,0.0
5,A24,298.56,298.56,0.0,0.0,0.0
5,A25,291.76,291.76,291.76,0.0,0.0
5,A26,503.58,238.294,0.0,0.0,452.14
5,A27,764.79,618.7733333333334,0.0,764.79,753.42
5,A28,633.11,411.76200000000006,0.0,872.4499999999999,265.7
5,A29,997.18,604.258,0.0,0.0,1267.02
5,A3,928.88,684.9775,0.0,0.0,0.0
5,A30,958.29,759.09,0.0,0.0,822.84
5,A31,748.48,464.1333333333334,0.0,0.0,748.48
5,A32,712.7,480.3620000000001,0.0,433.43,0.0
5,A33,829.56,399.15375,774.8,0.0,1446.81
5,A34,738.28,408.73428571428576,738.28,0.0,585.08
5,A35,944.66,652.4885714285714,826.1,0.0,1189.96
5,A36,709.33,309.45666666666665,0.0,709.33,0.0
5,A37,864.68,572.7924999999999,0.0,338.21,0.0
5,A38,471.95,370.08666666666664,0.0,893.3399999999999,0.0
5,A39,982.64,549.4,422.17,982.64,0.0
5,A4,732.07,625.6666666666666,0.0,659.49,0.0
5,A40,897.97,676.21,737.53,0.0,435.5
5,A41,775.15,461.3533333333333,0.0,0.0,181.65
5,A42,801.81,576.715,0.0,0.0,0.0
5,A43,886.73,528.1871428571429,1280.19,2032.19,0.0
5,A44,949.92,574.2,1451.6299999999999,397.19,139.55
5,A45,940.41,673.51,0.0,213.21,0.0
5,A46,827.91,480.87166666666667,1056.81,0.0,1304.79
5,A47,400.42,400.42,0.0,0.0,0.0
5,A48,797.19,495.38,990.76,0.0,0.0
5,A49,848.9,613.805,0.0,0.0,0.0
5,A5,948.31,535.3866666666667,948.31,919.6,0.0
5,A6,959.67,654.48,0.0,0.0,0.0
5,A7,650.23,406.85666666666674,0.0,0.0,203.34
5,A8,624.81,371.8616666666667,598.28,253.09,323.22
5,A9,812.73,661.99,0.0,0.0,0.0
6,A1,977.98,458.93666666666667,0.0,171.19,977.98
6,A10,747.62,465.39750000000004,0.0,556.4,0.0
6,A11,914.89,597.085,1906.46,0.0,0.0
6,A12,928.86,594.972,0.0,0.0,438.88
6,A13,996.67,498.1166666666666,0.0,0.0,516.34
6,A14,931.16,595.4499999999999,796.33,890.77,191.18
6,A15,713.6,398.00750000000005,0.0,0.0,0.0
6,A16,874.84,719.3520000000001,0.0,353.66,1636.51
6,A17,788.24,645.3166666666667,1402.8,0.0,0.0
6,A18,718.32,488.77250000000004,157.28,0.0,0.0
6,A19,14.42,14.42,0.0,0.0,0.0
6,A2,775.37,526.4025,0.0,0.0,0.0
6,A20,877.24,683.74,0.0,0.0,0.0
6,A21,920.24,532.7860000000001,0.0,492.85,0.0
6,A23,743.51,468.512,743.51,0.0,0.0
6,A24,298.56,298.56,0.0,0.0,0.0
6,A25,291.76,291.76,291.76,0.0,0.0
6,A26,503.58,238.294,0.0,0.0,452.14
6,A27,764.79,618.7733333333334,0.0,764.79,753.42
6,A28,633.11,411.76200000000006,0.0,872.4499999999999,265.7
6,A29,997.18,651.6733333333333,0.0,0.0,1267.02
6,A3,928.88,684.9775,0.0,0.0,0.0
6,A30,958.29,759.09,0.0,0.0,822.84
6,A31,748.48,464.1333333333334,0.0,0.0,748.48
6,A32,712.7,480.3620000000001,0.0,433.43,0.0
6,A33,829.56,399.15375,774.8,0.0,1446.81
6,A34,738.28,439.31375,738.28,0.0,585.08
6,A35,944.66,652.4885714285714,826.1,0.0,1189.96
6,A36,709.33,309.45666666666665,0.0,709.33,0.0
6,A37,864.68,572.7924999999999,0.0,338.21,0.0
6,A38,471.95,370.08666666666664,0.0,893.3399999999999,0.0
6,A39,982.64,549.4,422.17,982.64,0.0
6,A4,732.07,625.6666666666666,0.0,659.49,0.0
6,A40,897.97,706.4480000000001,1564.9299999999998,0.0,435.5
6,A41,777.29,540.3375,0.0,0.0,181.65
6,A42,801.81,496.18,0.0,0.0,174.04
6,A43,886.73,528.1871428571429,1280.19,2032.19,0.0
6,A44,949.92,574.2,1451.6299999999999,397.19,139.55
6,A45,940.41,673.51,0.0,213.21,0.0
6,A46,827.91,480.87166666666667,1056.81,0.0,1304.79
6,A47,900.67,650.545,0.0,0.0,900.67
6,A48,797.19,495.38,990.76,0.0,0.0
6,A49,848.9,613.805,0.0,0.0,0.0
6,A5,948.31,535.3866666666667,948.31,919.6,0.0
6,A6,959.67,654.48,0.0,0.0,0.0
6,A7,650.23,406.85666666666674,0.0,0.0,203.34
6,A8,624.81,371.8616666666667,598.28,253.09,323.22
6,A9,812.73,661.99,0.0,0.0,0.0
7,A1,977.98,574.585,0.0,171.19,977.98
7,A10,747.62,375.77333333333337,0.0,132.46,0.0
7,A11,914.89,597.085,1906.46,0.0,0.0
7,A12,928.86,533.0583333333334,0.0,0.0,438.88
7,A13,611.9,295.988,0.0,0.0,516.34
7,A14,931.16,723.01,796.33,539.61,0.0
7,A15,713.6,398.00750000000005,0.0,0.0,0.0
7,A16,874.84,836.7066666666666,0.0,0.0,1636.51
7,A17,614.56,573.855,614.56,0.0,0.0
7,A18,718.32,525.0766666666667,157.28,0.0,0.0
7,A19,612.81,612.81,0.0,0.0,0.0
7,A2,625.73,488.9925,0.0,0.0,0.0
7,A20,990.85,947.1033333333335,0.0,0.0,1964.0700000000002
7,A21,984.67,604.5714285714286,0.0,1311.18,0.0
7,A22,125.64,125.64,0.0,0.0,125.64
7,A23,743.51,481.54999999999995,743.51,0.0,0.0
7,A24,675.99,487.275,0.0,0.0,0.0
7,A26,503.58,255.85875000000001,0.0,54.12,884.3399999999999
7,A27,764.79,425.57,166.29,782.5699999999999,753.42
7,A28,633.11,411.76200000000006,0.0,872.4499999999999,265.7
7,A29,997.18,694.11,0.0,0.0,827.53
7,A3,928.88,684.9775,0.0,0.0,0.0
7,A30,958.29,602.1479999999999,0.0,0.0,822.84
7,A31,893.98,643.8100000000001,252.74,0.0,748.48
7,A32,877.0,488.38000000000005,0.0,433.43,0.0
7,A33,829.56,480.0116666666667,774.8,0.0,1446.81
7,A34,688.78,351.28125,0.0,34.02,585.08
7,A35,944.66,749.04,714.33,0.0,944.66
7,A36,738.68,416.7625,0.0,709.33,0.0
7,A37,864.68,572.7924999999999,0.0,338.21,0.0
7,A38,471.95,370.08666666666664,0.0,893.3399999999999,0.0
7,A39,982.64,549.4,422.17,982.64,0.0
7,A4,938.17,786.84,0.0,1422.35,0.0
7,A40,897.97,724.728,1564.9299999999998,0.0,0.0
7,A41,777.29,538.8983333333333,533.87,0.0,0.0
7,A42,767.11,447.5875,0.0,0.0,174.04
7,A43,816.13,483.60166666666663,816.13,660.77,0.0
7,A44,560.05,357.45,501.71,0.0,0.0
7,A45,940.41,568.5116666666667,0.0,213.21,0.0
7,A46,824.25,403.3957142857143,1881.06,131.6,0.0
7,A47,900.67,900.67,0.0,0.0,900.67
7,A48,797.19,637.97,797.19,0.0,0.0
7,A49,961.67,670.1899999999999,0.0,0.0,0.0
7,A5,948.31,483.40749999999997,948.31,736.5,0.0
7,A6,959.67,654.48,0.0,0.0,0.0
7,A7,924.59,498.31,0.0,0.0,203.34
7,A8,794.25,421.0444444444445,598.28,1047.34,343.40000000000003
7,A9,812.73,661.99,0.0,0.0,0.0
8,A1,977.98,590.5333333333333,0.0,171.19,1600.4099999999999
8,A10,247.24,189.85000000000002,0.0,132.46,0.0
8,A12,827.76,544.2085714285714,391.18,0.0,759.91
8,A13,611.9,380.96999999999997,0.0,0.0,0.0
8,A14,931.16,723.01,796.33,539.61,0.0
8,A15,515.35,355.06,0.0,0.0,0.0
8,A16,874.84,836.7066666666666,0.0,0.0,1636.51
8,A17,614.56,614.56,614.56,0.0,0.0
8,A18,941.14,684.5483333333333,884.61,0.0,0.0
8,A19,612.81,612.81,0.0,0.0,0.0
8,A2,625.73,488.9925,0.0,0.0,0.0
8,A20,990.85,810.8725000000001,402.18,0.0,1964.0700000000002
8,A21,984.67,786.4699999999999,0.0,1311.18,0.0
8,A22,125.64,125.64,0.0,0.0,125.64
8,A23,647.12,390.27,0.0,0.0,0.0
8,A24,675.99,675.99,0.0,0.0,0.0
8,A25,838.5,838.5,0.0,0.0,0.0
8,A26,503.58,255.85875000000001,0.0,54.12,884.3399999999999
8,A27,166.29,92.035,166.29,17.78,0.0
8,A28,633.11,483.8633333333334,0.0,530.93,0.0
8,A29,997.18,904.4866666666667,0.0,0.0,827.53
8,A3,928.88,751.0333333333333,0.0,0.0,0.0
8,A30,822.84,513.1125,0.0,0.0,822.84
8,A31,893.98,617.6424999999999,252.74,0.0,0.0
8,A32,877.0,488.38000000000005,0.0,433.43,0.0
8,A33,829.56,565.7360000000001,774.8,0.0,1446.81
8,A34,688.78,371.72166666666664,0.0,34.02,5.16
8,A35,810.77,762.55,714.33,0.0,0.0
8,A36,738.68,416.7625,0.0,709.33,0.0
8,A37,864.68,650.9866666666666,0.0,0.0,0.0
8,A38,471.95,370.08666666666664,0.0,893.3399999999999,0.0
8,A39,982.64,553.1225,422.17,982.64,564.29
8,A4,938.17,850.515,0.0,762.86,0.0
8,A40,897.97,747.45,1564.9299999999998,0.0,0.0
8,A41,777.29,538.8983333333333,533.87,0.0,0.0
8,A42,461.91,256.94,0.0,0.0,174.04
8,A43,816.13,483.60166666666663,816.13,660.77,0.0
8,A44,560.05,362.49,501.71,0.0,0.0
8,A45,940.41,568.5116666666667,0.0,213.21,0.0
8,A46,824.25,354.956,832.07,131.6,0.0
8,A47,900.67,900.67,0.0,0.0,900.67
8,A48,762.14,558.36,0.0,0.0,0.0
8,A49,961.67,961.67,0.0,0.0,0.0
8,A5,948.31,479.8483333333333,1100.19,736.5,964.8799999999999
8,A6,953.46,805.1800000000001,0.0,0.0,0.0
8,A7,924.59,603.5566666666667,682.74,0.0,203.34
8,A8,794.25,519.41,0.0,794.25,20.18
8,A9,812.73,749.09,0.0,0.0,0.0
9,A1,977.98,662.278,898.64,171.19,1600.4099999999999
9,A10,960.56,423.14,960.56,132.46,0.0
9,A12,827.76,472.08375,391.18,67.27,1246.47
9,A13,784.17,515.56,0.0,784.17,0.0
9,A14,931.16,693.6175,796.33,539.61,0.0
9,A15,515.35,395.54200000000003,766.8599999999999,500.73,0.0
9,A16,874.84,575.0980000000001,0.0,0.0,1645.1399999999999
9,A17,826.62,542.2199999999999,614.56,0.0,1012.1
9,A18,941.14,716.79,727.33,0.0,0.0
9,A19,947.38,570.815,190.74,947.38,0.0
9,A2,625.73,426.41833333333335,0.0,478.62,0.0
9,A20,990.85,788.75,402.18,0.0,1964.0700000000002
9,A21,984.67,786.4699999999999,0.0,1311.18,0.0
9,A22,995.78,560.71,0.0,0.0,125.64
9,A23,946.09,796.605,0.0,0.0,946.09
9,A24,675.99,675.99,0.0,0.0,0.0
9,A25,838.5,471.345,0.0,0.0,0.0
9,A26,503.58,281.65875,0.0,54.12,884.3399999999999
9,A27,166.29,92.035,166.29,17.78,0.0
9,A28,633.11,390.494,532.01,159.73,340.07
9,A29,888.75,765.4433333333333,0.0,0.0,827.53
9,A3,928.88,928.88,0.0,0.0,0.0
9,A30,619.14,366.735,0.0,0.0,0.0
9,A31,893.98,564.546,252.74,0.0,0.0
9,A32,877.0,497.61125000000004,0.0,433.43,0.0
9,A33,829.56,462.59700000000004,774.8,475.89,1775.55
9,A34,653.37,310.3933333333334,517.58,34.02,375.39000000000004
9,A35,810.77,595.16,714.33,0.0,0.0
9,A36,949.59,646.8557142857143,0.0,2385.46,0.0
9,A37,864.68,529.6099999999999,0.0,0.0,0.0
9,A38,669.7,463.588,0.0,893.3399999999999,1207.68
9,A39,648.41,400.42499999999995,1070.58,447.67,564.29
9,A4,938.17,850.515,0.0,762.86,0.0
9,A40,958.65,743.6750000000001,1564.9299999999998,958.65,0.0
9,A41,777.29,491.64799999999997,533.87,0.0,0.0
9,A42,894.86,384.524,0.0,0.0,1068.9
9,A43,816.13,483.60166666666663,816.13,660.77,0.0
9,A44,560.05,237.44,0.0,0.0,0.0
9,A45,940.41,421.96,0.0,0.0,0.0
9,A46,824.25,315.06333333333333,832.07,131.6,0.0
9,A47,900.67,900.67,0.0,0.0,900.67
9,A48,762.14,558.36,0.0,0.0,0.0
9,A49,961.67,961.67,0.0,0.0,0.0
9,A5,948.31,428.5179999999999,1100.19,0.0,964.8799999999999
9,A6,953.46,537.3866666666667,0.0,1.8,0.0
9,A7,924.59,522.29,682.74,0.0,203.34
9,A8,794.25,412.25666666666666,0.0,794.25,20.18
9,A9,812.73,682.7866666666667,0.0,0.0,0.0
10,A1,898.64,583.3525,898.64,171.19,622.43
10,A10,960.56,520.0333333333333,960.56,0.0,0.0
10,A12,827.76,418.4714285714286,391.18,67.27,1246.47
10,A13,784.17,497.875,0.0,784.17,0.0
10,A14,930.43,669.6066666666666,571.02,0.0,930.43
10,A15,500.73,422.53,766.8599999999999,500.73,0.0
10,A16,873.61,482.59799999999996,0.0,0.0,1182.6399999999999
10,A17,826.62,506.05,0.0,0.0,1012.1
10,A18,941.14,708.952,727.33,0.0,0.0
10,A19,947.38,570.815,190.74,947.38,0.0
10,A2,625.73,463.13,0.0,478.62,0.0
10,A20,990.85,820.78,402.18,0.0,1964.0700000000002
10,A21,984.67,826.4325,0.0,818.33,0.0
10,A22,995.78,488.98,345.52,0.0,125.64
10,A23,946.09,946.09,0.0,0.0,946.09
10,A24,675.99,675.99,0.0,0.0,0.0
10,A25,838.5,471.345,0.0,0.0,0.0
10,A26,685.36,358.146,685.36,54.12,432.2
10,A27,166.29,92.035,166.29,17.78,0.0
10,A28,807.54,459.8375,532.01,159.73,340.07
10,A29,888.75,734.4,0.0,0.0,0.0
10,A30,619.14,366.735,0.0,0.0,0.0
10,A31,893.98,573.6725,252.74,0.0,0.0
10,A32,877.0,472.65600000000006,0.0,0.0,0.0
10,A33,535.72,361.43833333333333,0.0,475.89,328.74
10,A34,653.37,393.8,517.58,34.02,370.23
10,A35,714.33,443.2025,714.33,503.21,0.0
10,A36,949.59,759.448,0.0,1676.13,0.0
10,A37,165.48,165.48,0.0,0.0,0.0
10,A38,669.7,603.84,0.0,0.0,1207.68
10,A39,648.41,434.24749999999995,648.41,447.67,564.29
10,A4,938.17,621.6033333333334,163.78,762.86,0.0
10,A40,958.65,706.6375,827.4,958.65,0.0
10,A41,777.29,507.745,533.87,0.0,0.0
10,A42,961.68,499.40199999999993,961.68,0.0,1068.9
10,A43,843.61,674.88,816.13,843.61,0.0
10,A44,560.05,237.44,0.0,0.0,0.0
10,A45,818.82,312.84666666666664,0.0,818.82,0.0
10,A46,824.25,339.73249999999996,824.25,131.6,0.0
10,A47,900.67,744.9433333333333,537.26,0.0,900.67
10,A48,762.14,450.23249999999996,0.0,0.0,0.0
10,A49,961.67,651.28,0.0,340.89,0.0
10,A5,886.19,483.68499999999995,151.88,821.64,964.8799999999999
10,A6,1.8,1.8,0.0,1.8,0.0
10,A7,924.59,628.6066666666667,682.74,0.0,0.0
10,A8,794.25,412.25666666666666,0.0,794.25,20.18
10,A9,581.97,566.075,0.0,0.0,0.0
11,A1,898.64,674.9875,898.64,0.0,622.43
11,A10,960.56,592.165,960.56,0.0,0.0
11,A12,827.76,418.4714285714286,391.18,67.27,1246.47
11,A13,784.17,497.875,0.0,784.17,0.0
11,A14,930.43,686.295,571.02,0.0,930.43
11,A15,500.73,422.53,766.8599999999999,500.73,0.0
11,A16,873.61,413.7383333333333,0.0,284.9,420.96999999999997
11,A17,826.62,506.05,0.0,0.0,1012.1
11,A18,941.14,670.4399999999999,727.33,0.0,0.0
11,A19,947.38,459.91,190.74,1389.3600000000001,34.22
11,A2,625.73,359.38,0.0,478.62,0.0
11,A20,990.85,704.176,402.18,0.0,1964.0700000000002
11,A21,984.67,682.286,0.0,818.33,0.0
11,A22,995.78,488.98,345.52,0.0,125.64
11,A23,946.09,946.09,0.0,0.0,946.09
11,A24,675.99,675.99,0.0,0.0,0.0
11,A25,838.5,471.345,0.0,0.0,0.0
11,A26,685.36,358.146,685.36,54.12,432.2
11,A27,721.92,247.3825,249.82999999999998,17.78,721.92
11,A28,807.54,459.8375,532.01,159.73,340.07
11,A29,983.69,781.87,983.69,0.0,0.0
11,A30,619.14,366.735,0.0,0.0,0.0
11,A31,893.98,573.6725,252.74,0.0,0.0
11,A32,877.0,472.65600000000006,0.0,0.0,0.0
11,A33,535.72,361.43833333333333,0.0,475.89,328.74
11,A34,517.58,278.15250000000003,517.58,34.02,561.01
11,A35,714.33,387.96400000000006,714.33,503.21,0.0
11,A36,949.59,759.448,0.0,1676.13,0.0
11,A37,877.54,605.37,773.09,877.54,0.0
11,A38,880.45,485.5559999999999,116.02,0.0,2088.13
11,A39,648.41,434.24749999999995,648.41,447.67,564.29
11,A4,938.17,641.8025,163.78,762.86,702.4
11,A40,958.65,666.3833333333333,0.0,958.65,0.0
11,A41,533.87,417.8966666666667,533.87,0.0,0.0
11,A42,961.68,580.7425,961.68,0.0,894.86
11,A43,843.61,674.88,816.13,843.61,0.0
11,A44,990.11,363.7183333333333,242.44,0.0,990.11
11,A45,818.82,357.9585714285714,0.0,818.82,0.0
11,A46,824.25,339.73249999999996,824.25,131.6,0.0
11,A47,796.9,667.0799999999999,537.26,0.0,0.0
11,A48,762.14,426.2466666666666,0.0,0.0,162.03
11,A49,961.67,651.28,0.0,340.89,0.0
11,A5,886.19,483.68499999999995,151.88,821.64,964.8799999999999
11,A6,1.8,1.8,0.0,1.8,0.0
11,A7,924.59,601.7059999999999,682.74,0.0,326.39
11,A8,794.25,412.25666666666666,0.0,794.25,20.18
11,A9,581.97,566.075,0.0,0.0,0.0
12,A1,898.64,626.308,898.64,0.0,1054.02
12,A10,960.56,515.7360000000001,960.56,457.26,0.0
12,A12,827.76,451.6714285714285,391.18,523.16,1246.47
12,A13,866.21,676.9175,0.0,784.17,866.21
12,A14,930.43,686.295,571.02,0.0,930.43
12,A15,500.73,422.53,766.8599999999999,500.73,0.0
12,A16,575.27,364.01500000000004,0.0,284.9,420.96999999999997
12,A17,826.62,521.0166666666668,0.0,550.95,1012.1
12,A18,941.14,615.605,1104.42,0.0,0.0
12,A19,947.38,429.33000000000004,190.74,1389.3600000000001,34.22
12,A2,642.27,363.515,0.0,1120.8899999999999,0.0
12,A20,916.87,518.9366666666666,402.18,0.0,0.0
12,A21,935.71,676.155,935.71,783.38,0.0
12,A22,995.78,670.65,345.52,0.0,0.0
12,A23,946.09,619.095,1272.67,0.0,946.09
12,A24,976.95,976.95,0.0,0.0,976.95
12,A25,838.5,471.345,0.0,0.0,0.0
12,A26,685.36,399.2366666666667,947.74,0.0,0.0
12,A27,721.92,296.585,83.54,0.0,918.0999999999999
12,A28,807.54,566.5083333333333,532.01,159.73,1118.96
12,A29,983.69,781.87,983.69,0.0,0.0
12,A3,777.15,703.25,777.15,629.35,0.0
12,A30,252.14,252.14,0.0,252.14,0.0
12,A31,793.57,543.0500000000001,0.0,0.0,0.0
12,A32,864.56,532.895,0.0,216.41,864.56
12,A33,535.72,359.45799999999997,0.0,475.89,328.74
12,A34,517.58,385.30500000000006,517.58,0.0,561.01
12,A35,875.48,447.3416666666667,0.0,1378.69,0.0
12,A36,949.59,618.576,0.0,1676.13,0.0
12,A37,877.54,657.1875,773.09,877.54,0.0
12,A38,880.45,480.36999999999995,116.02,0.0,2088.13
12,A39,648.41,357.70799999999997,648.41,447.67,564.29
12,A4,927.5,597.8933333333333,163.78,0.0,1629.9
12,A40,958.65,736.125,0.0,958.65,0.0
12,A41,337.13,228.81,0.0,120.49,0.0
12,A42,961.68,620.3533333333334,961.68,0.0,894.86
12,A43,843.61,458.41,0.0,843.61,0.0
12,A44,990.11,396.03000000000003,242.44,368.48,990.11
12,A45,926.99,454.36666666666673,0.0,818.82,0.0
12,A46,968.23,385.1366666666666,0.0,71.58,0.0
12,A47,796.9,667.0799999999999,537.26,0.0,0.0
12,A48,618.16,360.18999999999994,0.0,0.0,162.03
12,A49,340.89,340.89,0.0,340.89,0.0
12,A5,886.19,543.6228571428571,151.88,1326.13,964.8799999999999
12,A6,1.8,1.8,0.0,1.8,0.0
12,A7,796.32,491.0116666666667,682.74,0.0,326.39
12,A8,497.34,305.1033333333333,0.0,0.0,0.0
12,A9,581.97,566.075,0.0,0.0,0.0
13,A1,898.64,627.2774999999999,898.64,0.0,431.59
13,A10,960.56,547.7366666666667,1668.3,457.26,0.0
13,A12,486.56,295.7125,0.0,523.16,486.56
13,A13,866.21,575.366,0.0,784.17,866.21
13,A14,951.87,739.41,571.02,0.0,930.43
13,A15,500.73,422.53,766.8599999999999,500.73,0.0
13,A16,575.27,338.5671428571428,0.0,284.9,420.96999999999997
13,A17,826.62,521.0166666666668,0.0,550.95,1012.1
13,A18,973.46,606.2742857142857,1350.55,877.68,0.0
13,A19,947.38,429.33000000000004,190.74,1389.3600000000001,34.22
13,A2,642.27,398.13,0.0,1120.8899999999999,536.59
13,A20,916.87,577.315,0.0,0.0,0.0
13,A21,935.71,532.9460000000001,935.71,783.38,0.0
13,A22,995.78,762.3766666666667,345.52,0.0,0.0
13,A23,946.09,619.095,1272.67,0.0,946.09
13,A24,976.95,976.95,0.0,0.0,976.95
13,A25,104.19,104.19,0.0,0.0,0.0
13,A26,685.36,422.9575,947.74,0.0,0.0
13,A27,721.92,296.585,83.54,0.0,918.0999999999999
13,A28,807.54,566.5083333333333,532.01,159.73,1118.96
13,A29,983.69,695.1,983.69,0.0,0.0
13,A3,777.15,703.25,777.15,629.35,0.0
13,A30,510.59,381.365,0.0,252.14,510.59
13,A31,793.57,520.0749999999999,0.0,419.07,0.0
13,A32,864.56,434.80833333333334,458.25,235.43,864.56
13,A33,535.72,359.45799999999997,0.0,475.89,328.74
13,A34,517.58,385.30500000000006,517.58,0.0,561.01
13,A35,875.48,471.5742857142856,0.0,1378.69,0.0
13,A36,949.59,528.6866666666666,0.0,1676.13,0.0
13,A37,877.54,657.1875,773.09,877.54,0.0
13,A38,880.45,421.88,116.02,0.0,2088.13
13,A39,648.41,306.06249999999994,648.41,447.67,0.0
13,A4,927.5,597.8933333333333,163.78,0.0,1629.9
13,A40,958.65,475.2075,0.0,1380.7,0.0
13,A41,337.13,228.81,0.0,120.49,0.0
13,A42,961.68,928.27,961.68,0.0,894.86
13,A43,843.61,522.1166666666667,0.0,843.61,0.0
13,A44,990.11,400.635,242.44,368.48,990.11
13,A45,926.99,448.12,0.0,818.82,0.0
13,A46,968.23,359.30999999999995,281.83,71.58,0.0
13,A47,796.9,667.0799999999999,537.26,0.0,0.0
13,A48,618.16,360.18999999999994,0.0,0.0,162.03
13,A49,340.89,327.075,0.0,340.89,0.0
13,A5,886.19,675.705,0.0,1326.13,0.0
13,A6,857.62,423.1125,0.0,859.42,178.29
13,A7,796.32,389.0933333333334,0.0,0.0,326.39
13,A8,688.66,422.43999999999994,0.0,0.0,508.23
13,A9,581.97,566.075,0.0,0.0,0.0
14,A1,537.73,484.65999999999997,0.0,0.0,431.59
14,A10,808.56,493.39,707.74,457.26,0.0
14,A12,959.1,529.3733333333333,959.1,455.89,0.0
14,A13,866.21,525.51,0.0,0.0,866.21
14,A14,951.87,797.42,571.02,0.0,930.43
14,A15,280.93,280.93,280.93,0.0,0.0
14,A16,575.27,400.91999999999996,0.0,284.9,412.34
14,A17,550.95,550.95,0.0,550.95,0.0
14,A18,973.46,648.8649999999999,1350.55,877.68,0.0
14,A19,441.98,178.76000000000002,0.0,441.98,34.22
14,A2,642.27,462.7033333333334,0.0,642.27,536.59
14,A20,916.87,577.315,0.0,0.0,0.0
14,A21,935.71,532.9460000000001,935.71,783.38,0.0
14,A22,945.83,645.675,345.52,0.0,0.0
14,A23,936.75,577.69,1272.67,0.0,0.0
14,A24,976.95,976.95,0.0,0.0,976.95
14,A26,685.36,480.62000000000006,947.74,0.0,0.0
14,A27,721.92,296.585,83.54,0.0,918.0999999999999
14,A28,904.17,817.8525,0.0,0.0,778.89
14,A29,983.69,514.83,983.69,39.24,0.0
14,A3,777.15,538.87,777.15,629.35,0.0
14,A30,510.59,381.365,0.0,252.14,510.59
14,A31,793.57,588.6616666666667,763.68,419.07,0.0
14,A32,864.56,389.56,458.25,235.43,864.56
14,A34,462.63,326.705,0.0,0.0,190.78
14,A35,875.48,504.50857142857143,0.0,1378.69,0.0
14,A36,311.25,141.60333333333332,0.0,0.0,0.0
14,A37,877.54,821.09,773.09,877.54,0.0
14,A38,880.45,349.096,116.02,0.0,880.45
14,A39,658.47,355.01,0.0,0.0,0.0
14,A4,927.5,538.575,163.78,0.0,1629.9
14,A40,422.05,214.29,0.0,422.05,0.0
14,A41,859.51,439.04333333333335,0.0,120.49,0.0
14,A42,971.14,657.0,999.8599999999999,971.14,0.0
14,A43,843.61,464.8675,0.0,843.61,0.0
14,A44,990.11,533.6766666666666,242.44,368.48,990.11
14,A45,926.99,515.985,0.0,818.82,0.0
14,A46,968.23,440.5466666666666,281.83,71.58,0.0
14,A47,940.13,758.0966666666667,537.26,0.0,0.0
14,A48,618.16,360.18999999999994,0.0,0.0,162.03
14,A49,652.76,435.6366666666666,0.0,340.89,652.76
14,A5,886.19,675.705,0.0,1326.13,0.0
14,A6,857.62,455.8525,0.0,857.62,178.29
14,A7,796.32,411.21400000000006,0.0,0.0,326.39
14,A8,688.66,479.00666666666666,0.0,0.0,508.23
14,A9,581.97,581.97,0.0,0.0,0.0
15,A1,562.36,510.55999999999995,0.0,562.36,431.59
15,A10,966.73,588.058,707.74,457.26,0.0
15,A11,733.1,733.1,733.1,0.0,0.0
15,A12,959.1,707.495,959.1,455.89,0.0
15,A13,866.21,517.6850000000001,0.0,0.0,866.21
15,A14,951.87,590.2366666666667,0.0,0.0,82.48
15,A15,280.93,280.93,280.93,0.0,0.0
15,A16,575.27,398.065,0.0,284.9,0.0
15,A17,550.95,550.95,0.0,550.95,0.0
15,A18,973.46,545.0842857142858,1350.55,877.68,0.0
15,A19,441.98,178.76000000000002,0.0,441.98,34.22
15,A2,642.27,380.1675,0.0,642.27,669.1500000000001
15,A20,237.76,237.76,0.0,0.0,0.0
15,A21,935.71,532.9460000000001,935.71,783.38,0.0
15,A22,945.83,945.83,0.0,0.0,0.0
15,A23,936.75,577.69,1272.67,0.0,0.0
15,A24,976.95,809.225,0.0,0.0,976.95
15,A26,494.12,378.25,262.38,0.0,0.0
15,A27,721.92,296.585,83.54,0.0,918.0999999999999
15,A28,904.17,821.29,0.0,0.0,778.89
15,A29,999.67,636.04,983.69,39.24,999.67
15,A3,777.15,538.87,777.15,629.35,0.0
15,A30,510.59,381.365,0.0,252.14,510.59
15,A31,930.74,619.1555555555556,1410.4299999999998,882.01,0.0
15,A32,864.56,389.56,458.25,235.43,864.56
15,A34,462.63,326.705,0.0,0.0,190.78
15,A35,875.48,558.8828571428571,0.0,1653.62,0.0
15,A36,718.85,285.915,0.0,0.0,718.85
15,A37,877.54,821.09,773.09,877.54,0.0
15,A38,880.45,421.03666666666663,896.76,0.0,880.45
15,A39,658.47,355.01,0.0,0.0,0.0
15,A4,927.5,663.5066666666667,0.0,0.0,1629.9
15,A40,422.05,214.29,0.0,422.05,0.0
15,A41,859.51,335.81,0.0,120.49,26.11
15,A42,971.14,504.65999999999997,38.18,971.14,0.0
15,A43,876.97,511.35,0.0,0.0,663.92
15,A44,990.11,535.958,242.44,368.48,1614.8200000000002
15,A45,926.99,658.8875,0.0,0.0,0.0
15,A46,968.23,440.5466666666666,281.83,71.58,0.0
15,A47,940.13,940.13,0.0,0.0,0.0
15,A48,594.52,378.275,0.0,0.0,162.03
15,A49,652.76,483.01,0.0,0.0,652.76
15,A5,776.08,564.012,0.0,504.49,0.0
15,A6,857.62,367.24142857142857,0.0,857.62,178.29
15,A7,796.32,426.36285714285714,0.0,0.0,326.39
15,A8,688.66,479.00666666666666,0.0,0.0,508.23
15,A9,806.7,806.7,0.0,0.0,0.0
16,A1,562.36,496.975,0.0,562.36,431.59
16,A10,966.73,532.9325,707.74,457.26,0.0
16,A11,733.1,733.1,733.1,0.0,0.0
16,A12,959.1,707.495,959.1,455.89,0.0
16,A13,866.21,517.6850000000001,0.0,0.0,866.21
16,A14,951.87,517.175,0.0,0.0,82.48
16,A15,798.44,376.4166666666667,280.93,0.0,0.0
16,A16,575.27,380.575,0.0,0.0,0.0
16,A17,550.95,550.95,0.0,550.95,0.0
16,A18,973.46,556.285,1350.55,877.68,0.0
16,A19,60.08,60.08,0.0,0.0,0.0
16,A2,642.27,437.14000000000004,0.0,642.27,669.1500000000001
16,A21,935.71,639.7575,935.71,783.38,0.0
16,A22,945.83,945.83,0.0,0.0,0.0
16,A23,936.75,588.554,1272.67,0.0,0.0
16,A24,976.95,809.225,0.0,0.0,976.95
16,A25,581.52,356.185,0.0,0.0,0.0
16,A26,494.12,326.41333333333336,262.38,0.0,0.0
16,A27,517.09,299.3233333333333,0.0,0.0,196.18
16,A28,904.17,821.29,0.0,0.0,778.89
16,A29,999.67,520.1566666666666,0.0,39.24,999.67
16,A3,777.15,538.87,777.15,629.35,0.0
16,A30,510.59,381.365,0.0,252.14,510.59
16,A31,930.74,619.1555555555556,1410.4299999999998,882.01,0.0
16,A32,864.56,389.56,458.25,235.43,864.56
16,A34,462.63,462.63,0.0,0.0,0.0
16,A35,875.48,624.195,0.0,1653.62,0.0
16,A36,718.85,229.04000000000002,0.0,0.0,718.85
16,A37,812.64,812.64,0.0,0.0,0.0
16,A38,780.74,410.09166666666664,780.74,0.0,0.0
16,A39,658.47,355.01,0.0,0.0,0.0
16,A4,927.5,644.06,0.0,0.0,927.5
16,A40,422.05,214.29,0.0,422.05,0.0
16,A41,859.51,335.81,0.0,120.49,26.11
16,A42,971.14,496.53999999999996,38.18,971.14,480.3
16,A43,876.97,511.35,0.0,0.0,663.92
16,A44,624.71,395.8975,0.0,368.48,624.71
16,A45,926.99,518.5875,67.43,0.0,0.0
16,A46,968.23,440.5466666666666,281.83,71.58,0.0
16,A47,940.13,507.545,0.0,74.96,0.0
16,A49,652.76,412.8933333333334,0.0,0.0,652.76
16,A5,776.08,564.012,0.0,504.49,0.0
16,A6,857.62,367.24142857142857,0.0,857.62,178.29
16,A7,699.44,372.36600000000004,0.0,0.0,0.0
16,A8,688.66,479.00666666666666,0.0,0.0,508.23
16,A9,806.7,745.185,0.0,0.0,683.67
17,A1,562.36,562.36,0.0,562.36,0.0
17,A10,966.73,829.9266666666666,707.74,0.0,815.31
17,A11,733.1,733.1,733.1,0.0,0.0
17,A12,959.1,959.1,959.1,0.0,0.0
17,A13,338.93,254.04500000000002,338.93,0.0,0.0
17,A14,951.87,348.40333333333336,0.0,0.0,82.48
17,A15,798.44,376.4166666666667,280.93,0.0,0.0
17,A16,771.61,396.1933333333333,0.0,1002.7,0.0
17,A18,973.46,608.8774999999999,973.46,877.68,0.0
17,A19,701.03,380.555,0.0,0.0,0.0
17,A2,536.59,334.57500000000005,0.0,0.0,669.1500000000001
17,A21,490.6,419.97,0.0,0.0,0.0
17,A22,945.83,945.83,0.0,0.0,0.0
17,A23,780.47,706.24,0.0,0.0,0.0
17,A24,641.5,404.945,168.39,0.0,0.0
17,A25,581.52,356.185,0.0,0.0,0.0
17,A26,494.12,358.43,0.0,0.0,0.0
17,A27,517.09,517.09,0.0,0.0,0.0
17,A28,904.17,904.17,0.0,0.0,0.0
17,A29,999.67,524.6374999999999,0.0,39.24,999.67
17,A3,746.53,374.49,0.0,0.0,0.0
17,A30,510.59,510.59,0.0,0.0,510.59
17,A31,930.74,613.63,1410.4299999999998,882.01,0.0
17,A32,458.25,238.635,458.25,19.02,0.0
17,A35,778.14,584.76,0.0,778.14,0.0
17,A36,718.85,297.578,0.0,377.01,718.85
17,A38,780.74,401.222,780.74,0.0,0.0
17,A39,658.47,658.47,0.0,0.0,0.0
17,A4,360.62,360.62,0.0,0.0,0.0
17,A40,422.05,214.29,0.0,422.05,0.0
17,A41,859.51,442.81,0.0,0.0,26.11
17,A42,971.14,496.53999999999996,38.18,971.14,480.3
17,A43,876.97,620.885,0.0,0.0,663.92
17,A44,624.71,405.03666666666663,0.0,0.0,624.71
17,A45,669.29,382.4533333333333,67.43,0.0,0.0
17,A46,281.83,281.83,281.83,0.0,0.0
17,A47,940.13,507.545,0.0,74.96,0.0
17,A49,652.76,412.8933333333334,0.0,0.0,652.76
17,A5,776.08,613.0966666666667,0.0,0.0,0.0
17,A6,857.62,367.24142857142857,0.0,857.62,178.29
17,A7,680.29,333.23333333333335,0.0,0.0,0.0
17,A8,688.66,479.00666666666666,0.0,0.0,508.23
17,A9,930.61,806.9933333333333,0.0,0.0,683.67
18,A1,562.36,562.36,0.0,562.36,0.0
18,A10,966.73,891.02,0.0,0.0,815.31
18,A11,733.1,713.815,733.1,0.0,0.0
18,A12,983.51,971.3050000000001,1942.6100000000001,0.0,0.0
18,A13,591.11,465.02,338.93,0.0,0.0
18,A14,82.48,46.67,0.0,0.0,82.48
18,A15,798.44,249.948,328.54,0.0,0.0
18,A16,802.54,601.7466666666667,0.0,1805.24,0.0
18,A18,466.91,292.185,0.0,0.0,0.0
18,A19,701.03,380.555,0.0,0.0,0.0
18,A2,132.56,132.56,0.0,0.0,132.56
18,A20,803.1,803.1,0.0,0.0,803.1
18,A23,780.47,706.24,0.0,0.0,0.0
18,A24,641.5,465.8866666666666,168.39,0.0,0.0
18,A25,581.52,356.185,0.0,0.0,0.0
18,A26,411.43,311.47,0.0,0.0,0.0
18,A27,517.09,517.09,0.0,0.0,0.0
18,A28,904.17,904.17,0.0,0.0,0.0
18,A29,999.67,525.6633333333333,0.0,39.24,999.67
18,A3,746.53,374.49,0.0,0.0,0.0
18,A30,962.22,690.385,0.0,0.0,0.0
18,A31,930.74,701.0275,1410.4299999999998,462.94,0.0
18,A33,631.03,631.03,0.0,0.0,0.0
18,A34,513.9,513.9,0.0,513.9,0.0
18,A35,913.12,574.1750000000001,0.0,778.14,0.0
18,A36,718.85,425.29800000000006,0.0,377.01,718.85
18,A38,780.74,483.79249999999996,780.74,0.0,0.0
18,A39,938.26,798.365,938.26,0.0,0.0
18,A4,360.62,360.62,0.0,0.0,0.0
18,A40,912.76,912.76,912.76,0.0,0.0
18,A41,859.51,442.81,0.0,0.0,26.11
18,A42,971.14,496.53999999999996,38.18,971.14,480.3
18,A43,876.97,611.3366666666666,0.0,0.0,663.92
18,A44,624.71,405.03666666666663,0.0,0.0,624.71
18,A45,669.29,323.12666666666667,67.43,0.0,0.0
18,A47,940.13,488.17,449.42,74.96,0.0
18,A49,652.76,462.71000000000004,0.0,0.0,652.76
18,A5,473.66,473.66,0.0,0.0,0.0
18,A6,381.66,220.01,0.0,0.0,0.0
18,A7,680.29,464.235,0.0,0.0,0.0
18,A8,524.83,382.48,0.0,0.0,0.0
18,A9,981.74,850.6800000000001,0.0,0.0,683.67
19,A1,991.1,715.5433333333334,0.0,562.36,0.0
19,A10,966.73,567.0840000000001,156.77,387.74,1324.1799999999998
19,A11,733.1,713.815,733.1,0.0,0.0
19,A12,983.51,983.51,983.51,0.0,0.0
19,A13,591.11,465.3,338.93,0.0,465.86
19,A14,503.58,198.97333333333333,0.0,0.0,82.48
19,A15,798.44,194.442,47.61,0.0,0.0
19,A16,802.54,601.7466666666667,0.0,1805.24,0.0
19,A18,466.91,345.06666666666666,0.0,0.0,0.0
19,A19,701.03,701.03,0.0,0.0,0.0
19,A2,132.56,132.56,0.0,0.0,132.56
19,A20,803.1,379.9166666666667,0.0,296.89,842.86
19,A23,632.01,632.01,0.0,0.0,0.0
19,A24,641.5,465.8866666666666,168.39,0.0,0.0
19,A25,581.52,356.185,0.0,0.0,0.0
19,A26,411.43,236.90000000000003,13.19,0.0,0.0
19,A27,517.09,517.09,0.0,0.0,0.0
19,A29,999.67,774.02,0.0,0.0,999.67
19,A3,179.37,179.37,0.0,0.0,0.0
19,A30,962.22,690.385,0.0,0.0,0.0
19,A31,930.74,604.7975,646.75,462.94,0.0
19,A33,631.03,631.03,0.0,0.0,0.0
19,A34,983.24,748.5699999999999,0.0,1497.1399999999999,0.0
19,A35,913.12,590.826,0.0,778.14,0.0
19,A36,718.85,453.80999999999995,0.0,377.01,718.85
19,A38,780.74,483.79249999999996,780.74,0.0,0.0
19,A39,938.26,938.26,938.26,0.0,0.0
19,A40,990.99,951.875,1903.75,0.0,0.0
19,A41,26.11,26.11,0.0,0.0,26.11
19,A42,480.3,480.3,0.0,0.0,480.3
19,A43,876.97,770.4449999999999,0.0,0.0,663.92
19,A44,624.71,405.03666666666663,0.0,0.0,624.71
19,A45,669.29,323.12666666666667,67.43,0.0,0.0
19,A47,449.42,262.19,449.42,74.96,0.0
19,A49,272.66,272.66,0.0,0.0,0.0
19,A5,605.31,539.485,0.0,605.31,0.0
19,A6,381.66,249.09333333333333,0.0,0.0,0.0
19,A7,680.29,337.25333333333333,0.0,83.29,0.0
19,A8,524.83,524.83,0.0,0.0,0.0
19,A9,981.74,823.644,0.0,715.5,683.67
20,A1,991.1,717.75,0.0,0.0,0.0
20,A10,815.31,377.54,156.77,387.74,1324.1799999999998
20,A11,694.53,355.195,0.0,15.86,0.0
20,A12,983.51,983.51,983.51,0.0,0.0
20,A13,591.11,465.3,338.93,0.0,465.86
20,A14,503.58,257.21999999999997,0.0,0.0,0.0
20,A15,798.44,194.442,47.61,0.0,0.0
20,A16,802.54,601.7466666666667,0.0,1805.24,0.0
20,A17,754.54,754.54,0.0,0.0,0.0
20,A18,965.08,665.8233333333333,0.0,0.0,0.0
20,A19,863.7,782.365,0.0,0.0,863.7
20,A20,803.1,379.9166666666667,0.0,296.89,842.86
20,A22,992.15,992.15,0.0,992.15,0.0
20,A23,727.98,679.995,0.0,0.0,0.0
20,A24,587.77,378.08,168.39,0.0,0.0
20,A25,732.68,481.68333333333334,0.0,0.0,0.0
20,A26,411.43,236.90000000000003,13.19,0.0,0.0
20,A27,517.09,517.09,0.0,0.0,0.0
20,A28,306.6,306.6,0.0,0.0,0.0
20,A29,784.31,661.1949999999999,0.0,0.0,0.0
20,A3,179.37,179.37,0.0,0.0,0.0
20,A30,962.22,609.1566666666666,0.0,0.0,0.0
20,A31,378.76,378.76,0.0,0.0,0.0
20,A33,631.03,631.03,0.0,0.0,0.0
20,A34,983.24,748.5699999999999,0.0,1497.1399999999999,0.0
20,A35,913.12,591.8033333333334,0.0,0.0,0.0
20,A36,717.84,321.68999999999994,0.0,377.01,0.0
20,A38,610.4,441.2075,0.0,0.0,0.0
20,A39,938.26,938.26,938.26,0.0,0.0
20,A4,388.94,388.94,0.0,0.0,0.0
20,A40,990.99,951.875,1903.75,0.0,0.0
20,A42,480.3,480.3,0.0,0.0,480.3
20,A44,136.35,136.35,0.0,0.0,0.0
20,A45,232.66,120.44,67.43,0.0,0.0
20,A47,449.42,221.39666666666668,449.42,74.96,0.0
20,A49,907.87,590.265,0.0,907.87,0.0
20,A5,605.31,605.31,0.0,605.31,0.0
20,A7,83.29,83.29,0.0,83.29,0.0
20,A8,524.83,524.83,0.0,0.0,0.0
20,A9,981.74,827.8800000000001,0.0,715.5,683.67
21,A1,991.1,779.9425,0.0,0.0,0.0
21,A10,815.31,377.54,156.77,387.74,1324.1799999999998
21,A11,694.53,303.6425,0.0,15.86,0.0
21,A12,983.51,983.51,983.51,0.0,0.0
21,A13,637.65,514.6633333333333,338.93,0.0,465.86
21,A14,990.14,494.896,426.47,0.0,0.0
21,A15,72.88,41.29666666666667,47.61,0.0,0.0
21,A16,802.54,601.7466666666667,0.0,1805.24,0.0
21,A17,754.54,754.54,0.0,0.0,0.0
21,A18,965.08,673.155,0.0,695.15,0.0
21,A19,863.7,782.365,0.0,0.0,863.7
21,A2,758.43,758.43,0.0,0.0,0.0
21,A20,803.1,379.9166666666667,0.0,296.89,842.86
21,A22,992.15,864.8866666666667,0.0,1979.19,0.0
21,A23,999.0,752.305,0.0,909.93,372.31
21,A24,895.78,550.6466666666666,168.39,895.78,0.0
21,A25,732.68,510.71,0.0,0.0,288.74
21,A26,411.43,219.51000000000002,13.19,0.0,0.0
21,A28,306.6,306.6,0.0,0.0,0.0
21,A29,784.31,616.735,0.0,596.66,0.0
21,A3,179.37,179.37,0.0,0.0,0.0
21,A30,962.22,609.1566666666666,0.0,0.0,0.0
21,A31,378.76,269.555,0.0,0.0,0.0
21,A33,631.03,631.03,0.0,0.0,0.0
21,A34,983.24,503.9966666666666,0.0,1511.9899999999998,0.0
21,A35,913.12,507.745,0.0,0.0,0.0
21,A36,717.84,361.55749999999995,0.0,377.01,0.0
21,A38,610.4,610.4,0.0,0.0,0.0
21,A39,938.26,721.4833333333332,938.26,293.89,0.0
21,A4,388.94,198.85750000000002,142.7,0.0,0.0
21,A40,990.99,715.77,1903.75,0.0,0.0
21,A44,132.83,132.83,0.0,132.83,0.0
21,A45,232.66,118.63999999999999,0.0,62.03,0.0
21,A46,621.39,421.095,0.0,220.8,0.0
21,A47,544.4,377.8766666666667,993.8199999999999,0.0,0.0
21,A49,907.87,907.87,0.0,907.87,0.0
21,A5,605.31,342.8033333333333,128.16,605.31,0.0
21,A7,647.97,386.04333333333335,0.0,83.29,647.97
21,A8,711.47,618.1500000000001,711.47,0.0,0.0
21,A9,981.74,553.7850000000001,157.74,898.77,0.0
22,A1,991.1,634.3766666666667,0.0,0.0,321.8
22,A10,508.87,268.0975,156.77,387.74,508.87
22,A11,694.53,303.6425,0.0,15.86,0.0
22,A12,983.51,983.51,983.51,0.0,0.0
22,A13,637.65,549.8100000000001,0.0,0.0,465.86
22,A14,990.14,554.0939999999999,426.47,0.0,0.0
22,A15,525.89,162.445,47.61,525.89,0.0
22,A16,802.54,802.54,0.0,802.54,0.0
22,A17,754.54,563.6949999999999,0.0,0.0,0.0
22,A18,965.08,673.155,0.0,695.15,0.0
22,A19,863.7,839.45,0.0,0.0,863.7
22,A2,758.43,758.43,0.0,0.0,0.0
22,A20,803.1,379.9166666666667,0.0,296.89,842.86
22,A22,992.15,864.8866666666667,0.0,1979.19,0.0
22,A23,999.0,736.2919999999999,0.0,909.93,372.31
22,A24,895.78,741.775,0.0,895.78,0.0
22,A25,732.68,549.2566666666667,626.35,0.0,288.74
22,A26,411.43,219.51000000000002,13.19,0.0,0.0
22,A27,158.61,158.61,0.0,158.61,0.0
22,A28,306.6,306.6,0.0,0.0,0.0
22,A29,784.31,537.6374999999999,0.0,596.66,0.0
22,A3,899.49,539.4300000000001,0.0,0.0,0.0
22,A30,962.22,609.1566666666666,0.0,0.0,0.0
22,A31,378.76,269.555,0.0,0.0,0.0
22,A33,631.03,631.03,0.0,0.0,0.0
22,A34,983.24,503.9966666666666,0.0,1511.9899999999998,0.0
22,A35,913.12,464.59666666666664,0.0,0.0,0.0
22,A36,717.84,356.4066666666667,0.0,0.0,0.0
22,A38,610.4,610.4,0.0,0.0,0.0
22,A39,938.26,721.4833333333332,938.26,293.89,0.0
22,A4,388.94,198.85750000000002,142.7,0.0,0.0
22,A40,990.99,706.568,2573.51,0.0,0.0
22,A43,193.25,193.25,0.0,0.0,0.0
22,A44,809.19,436.7733333333333,0.0,1310.32,0.0
22,A45,232.66,118.63999999999999,0.0,62.03,0.0
22,A46,621.39,421.095,0.0,220.8,0.0
22,A47,544.4,377.8766666666667,993.8199999999999,0.0,0.0
22,A48,371.13,371.13,0.0,0.0,371.13
22,A49,907.87,907.87,0.0,907.87,0.0
22,A5,605.31,368.075,128.16,1049.1999999999998,0.0
22,A7,759.84,479.49250000000006,0.0,83.29,647.97
22,A8,711.47,618.1500000000001,711.47,0.0,0.0
22,A9,981.74,534.9366666666667,975.26,898.77,0.0
23,A1,991.1,563.35625,0.0,663.04,359.35
23,A10,508.87,268.0975,156.77,387.74,508.87
23,A11,404.96,173.34666666666666,0.0,15.86,0.0
23,A13,637.65,539.485,0.0,0.0,465.86
23,A14,990.14,525.4666666666666,426.47,382.33,0.0
23,A15,525.89,264.645,0.0,525.89,0.0
23,A17,754.54,563.6949999999999,0.0,0.0,0.0
23,A18,965.08,586.0379999999999,0.0,932.72,0.0
23,A19,863.7,839.45,0.0,0.0,863.7
23,A2,758.43,692.77,0.0,0.0,627.11
23,A20,296.89,168.325,0.0,296.89,39.76
23,A21,355.28,355.28,0.0,0.0,0.0
23,A22,992.15,716.876,0.0,1979.19,0.0
23,A23,999.0,736.2919999999999,0.0,909.93,372.31
23,A24,895.78,534.0666666666666,0.0,895.78,631.91
23,A25,732.68,549.2566666666667,626.35,0.0,288.74
23,A26,395.3,151.34750000000003,13.19,0.0,0.0
23,A27,158.61,158.61,0.0,158.61,0.0
23,A28,306.6,306.6,0.0,0.0,0.0
23,A29,942.92,618.694,0.0,596.66,942.92
23,A3,899.49,426.15333333333336,0.0,0.0,0.0
23,A30,446.7,355.6233333333333,195.72,0.0,0.0
23,A31,378.76,269.555,0.0,0.0,0.0
23,A33,980.05,980.05,0.0,0.0,980.05
23,A34,983.24,499.045,0.0,998.09,0.0
23,A35,255.57,255.57,0.0,0.0,0.0
23,A36,598.32,316.56666666666666,0.0,0.0,0.0
23,A38,934.23,772.315,0.0,0.0,0.0
23,A39,932.3,596.7733333333334,0.0,293.89,0.0
23,A4,388.94,202.006,142.7,0.0,0.0
23,A40,990.99,655.02,1660.75,0.0,0.0
23,A41,330.32,330.32,0.0,0.0,0.0
23,A43,193.25,193.25,0.0,0.0,0.0
23,A44,809.19,453.7375,504.63,1310.32,0.0
23,A45,62.03,61.629999999999995,0.0,62.03,0.0
23,A46,621.39,420.1466666666667,418.25,220.8,0.0
23,A47,544.4,342.105,544.4,0.0,0.0
23,A48,510.68,440.905,0.0,0.0,371.13
23,A49,907.87,907.87,0.0,907.87,0.0
23,A5,605.31,368.075,128.16,1049.1999999999998,0.0
23,A7,759.84,479.49250000000006,0.0,83.29,647.97
23,A8,711.47,615.855,711.47,0.0,0.0
23,A9,817.52,445.576,975.26,898.77,0.0
24,A1,966.52,439.29857142857145,152.51,663.04,359.35
24,A10,786.38,412.6160000000001,577.76,129.08,0.0
24,A11,404.96,173.34666666666666,0.0,15.86,0.0
24,A13,804.62,624.175,0.0,804.62,0.0
24,A14,990.14,529.8439999999999,426.47,382.33,0.0
24,A15,525.89,525.89,0.0,525.89,0.0
24,A16,670.03,419.7,0.0,0.0,0.0
24,A17,846.92,658.515,0.0,0.0,846.92
24,A18,965.08,470.0199999999999,554.78,932.72,183.53
24,A19,863.7,839.45,0.0,0.0,863.7
24,A2,758.43,692.77,0.0,0.0,627.11
24,A20,217.2,217.2,0.0,217.2,0.0
24,A21,355.28,355.28,0.0,0.0,0.0
24,A22,992.15,703.0428571428572,0.0,2829.51,0.0
24,A23,999.0,640.3071428571428,0.0,909.93,372.31
24,A24,895.78,534.0666666666666,0.0,895.78,631.91
24,A25,732.68,549.2566666666667,626.35,0.0,288.74
24,A26,682.15,318.5875,0.0,0.0,0.0
24,A27,786.72,472.665,0.0,945.33,0.0
24,A28,915.79,343.45500000000004,145.5,0.0,915.79
24,A29,942.92,516.5600000000001,0.0,596.66,942.92
24,A3,899.49,370.93333333333334,13.71,0.0,0.0
24,A30,561.83,407.17499999999995,195.72,0.0,0.0
24,A31,160.35,160.35,0.0,0.0,0.0
24,A33,980.05,980.05,0.0,0.0,980.05
24,A34,14.85,14.85,0.0,14.85,0.0
24,A35,255.57,255.57,0.0,0.0,0.0
24,A36,598.32,316.56666666666666,0.0,0.0,0.0
24,A38,934.23,526.785,0.0,55.4,0.0
24,A39,932.3,589.188,0.0,1126.71,322.8
24,A4,522.17,255.36666666666665,142.7,0.0,0.0
24,A40,677.21,486.285,669.76,316.05,0.0
24,A41,330.32,330.32,0.0,0.0,0.0
24,A43,193.25,193.25,0.0,0.0,0.0
24,A44,809.19,453.7375,504.63,1310.32,0.0
24,A45,62.03,61.629999999999995,0.0,62.03,0.0
24,A46,621.39,380.8525,418.25,220.8,262.97
24,A47,544.4,342.105,544.4,0.0,0.0
24,A48,510.68,342.6366666666667,0.0,0.0,517.23
24,A49,907.87,485.89,0.0,907.87,0.0
24,A5,443.89,204.96400000000003,128.16,495.82,105.9
24,A6,683.55,683.55,0.0,0.0,0.0
24,A7,759.84,611.5600000000001,0.0,0.0,647.97
24,A8,711.47,615.855,711.47,0.0,0.0
24,A9,817.52,405.396,975.26,183.27,0.0
25,A1,966.52,405.10571428571427,152.51,663.04,359.35
25,A10,786.38,511.01750000000004,577.76,129.08,0.0
25,A11,404.96,170.81999999999996,0.0,0.0,0.0
25,A12,507.34,507.34,0.0,0.0,507.34
25,A13,804.62,624.175,0.0,804.62,0.0
25,A14,990.14,529.8439999999999,426.47,382.33,0.0
25,A15,767.2,646.5450000000001,0.0,1293.0900000000001,0.0
25,A16,670.03,419.7,0.0,0.0,0.0
25,A17,846.92,573.014,0.0,0.0,846.92
25,A18,695.15,348.69999999999993,554.78,932.72,183.53
25,A19,815.2,815.2,0.0,0.0,0.0
25,A2,758.43,654.4033333333333,0.0,0.0,627.11
25,A20,904.08,660.0475,0.0,217.2,0.0
25,A21,355.28,355.28,0.0,0.0,0.0
25,A22,987.04,602.3628571428571,287.39,1837.3600000000001,0.0
25,A23,999.0,627.262857142857,0.0,909.93,372.31
25,A24,895.78,534.0666666666666,0.0,895.78,631.91
25,A25,661.71,525.6,626.35,0.0,950.45
25,A26,682.15,318.5875,0.0,0.0,0.0
25,A27,832.59,592.64,0.0,1777.92,0.0
25,A28,941.1,502.08000000000004,145.5,0.0,915.79
25,A29,942.92,521.0933333333334,0.0,596.66,942.92
25,A3,899.49,398.28333333333336,13.71,0.0,507.44
25,A30,591.89,443.47249999999997,195.72,0.0,0.0
25,A31,723.88,442.115,0.0,0.0,0.0
25,A32,381.69,381.69,0.0,0.0,381.69
25,A33,980.05,980.05,0.0,0.0,980.05
25,A34,877.84,446.345,0.0,892.69,0.0
25,A35,641.07,448.32000000000005,0.0,0.0,641.07
25,A36,598.32,290.66333333333336,0.0,0.0,0.0
25,A37,763.82,763.82,0.0,0.0,763.82
25,A38,934.23,498.91333333333336,0.0,55.4,0.0
25,A39,932.3,589.188,0.0,1126.71,322.8
25,A4,707.51,308.46166666666664,142.7,707.51,0.0
25,A40,858.33,560.6940000000001,669.76,316.05,0.0
25,A41,330.32,317.16499999999996,0.0,0.0,304.01
25,A42,999.53,580.9066666666666,0.0,0.0,0.0
25,A43,362.56,277.905,362.56,0.0,0.0
25,A44,809.19,449.08600000000007,504.63,1310.32,0.0
25,A45,62.03,62.03,0.0,62.03,0.0
25,A46,834.47,511.51833333333343,418.25,220.8,262.97
25,A47,972.8,777.5300000000001,544.4,0.0,1788.19
25,A48,510.68,342.6366666666667,0.0,0.0,517.23
25,A49,86.11,75.00999999999999,0.0,0.0,0.0
25,A5,443.89,204.96400000000003,128.16,495.82,105.9
25,A6,683.55,683.55,0.0,0.0,0.0
25,A7,759.84,611.5600000000001,0.0,0.0,647.97
25,A8,711.47,615.855,711.47,0.0,0.0
25,A9,817.52,456.09999999999997,1684.8799999999999,183.27,0.0
26,A1,663.04,355.78000000000003,773.75,663.04,359.35
26,A10,786.38,426.2780000000001,665.0799999999999,129.08,0.0
26,A11,718.22,346.8766666666666,0.0,0.0,0.0
26,A12,507.34,507.34,0.0,0.0,507.34
26,A13,804.62,804.62,0.0,804.62,0.0
26,A14,382.33,332.83666666666664,0.0,691.66,0.0
26,A15,767.2,503.0833333333333,0.0,1293.0900000000001,216.16
26,A16,670.03,487.3,0.0,0.0,0.0
26,A17,846.92,573.014,0.0,0.0,846.92
26,A18,554.78,269.74199999999996,855.14,237.57,183.53
26,A19,815.2,815.2,0.0,0.0,0.0
26,A2,752.12,648.9625000000001,638.95,0.0,627.11
26,A20,904.08,660.0475,0.0,217.2,0.0
26,A21,355.28,355.28,0.0,0.0,0.0
26,A22,850.32,522.806,287.39,850.32,0.0
26,A23,672.24,527.4,0.0,0.0,0.0
26,A24,631.91,353.21,0.0,0.0,631.91
26,A25,661.71,644.03,626.35,0.0,661.71
26,A26,682.15,509.08,0.0,0.0,0.0
26,A27,832.59,592.69,0.0,1777.92,0.0
26,A28,941.1,502.08000000000004,145.5,0.0,915.79
26,A29,942.92,495.5025,0.0,0.0,942.92
26,A3,899.49,398.28333333333336,13.71,0.0,507.44
26,A30,591.89,443.47249999999997,195.72,0.0,0.0
26,A31,723.88,692.31,0.0,660.74,0.0
26,A32,381.69,381.69,0.0,0.0,381.69
26,A33,980.05,649.0266666666666,89.59,0.0,1857.49
26,A34,877.84,877.84,0.0,877.84,0.0
26,A35,641.07,641.07,0.0,0.0,641.07
26,A36,598.32,355.49,0.0,0.0,0.0
26,A37,763.82,763.82,0.0,0.0,763.82
26,A38,934.23,550.4549999999999,0.0,55.4,0.0
26,A39,832.82,573.25,0.0,832.82,322.8
26,A4,707.51,481.42666666666656,0.0,707.51,0.0
26,A40,858.33,532.2175,669.76,316.05,0.0
26,A41,330.32,317.16499999999996,0.0,0.0,304.01
26,A42,999.53,580.9066666666666,0.0,0.0,0.0
26,A43,362.56,277.905,362.56,0.0,0.0
26,A44,809.19,528.15,504.63,1177.49,0.0
26,A46,885.94,622.5720000000001,418.25,0.0,262.97
26,A47,972.8,894.095,0.0,0.0,1788.19
26,A48,510.68,357.6775,0.0,402.8,517.23
26,A49,315.35,155.12333333333333,0.0,315.35,0.0
26,A5,716.41,329.53249999999997,0.0,495.82,105.9
26,A6,683.55,525.1666666666666,0.0,0.0,0.0
26,A7,759.84,759.84,0.0,0.0,0.0
26,A8,520.24,507.905,0.0,0.0,0.0
26,A9,817.52,703.5675,1527.1399999999999,0.0,0.0
27,A1,663.04,356.91,773.75,663.04,37.55
27,A10,786.38,390.9433333333334,665.0799999999999,129.08,0.0
27,A11,718.22,346.8766666666666,0.0,0.0,0.0
27,A12,925.9,716.62,0.0,0.0,507.34
27,A13,804.62,750.365,0.0,1500.73,0.0
27,A14,950.86,540.4,0.0,691.66,950.86
27,A15,767.2,497.0375,0.0,1170.89,216.16
27,A16,670.03,466.2025,402.91,0.0,0.0
27,A17,969.1,736.495,0.0,969.1,846.92
27,A18,603.92,286.01625,855.14,841.49,183.53
27,A19,201.63,201.63,0.0,0.0,0.0
27,A2,977.2,714.6100000000001,638.95,0.0,627.11
27,A20,904.08,660.0475,0.0,217.2,0.0
27,A21,937.1,438.42333333333335,0.0,22.89,0.0
27,A22,850.32,522.806,287.39,850.32,0.0
27,A23,636.67,479.12000000000006,0.0,0.0,0.0
27,A24,631.91,290.145,0.0,0.0,969.39
27,A25,661.71,418.1666666666667,0.0,0.0,661.71
27,A26,682.15,442.0133333333333,0.0,307.88,0.0
27,A27,832.59,737.3833333333333,0.0,1619.31,0.0
27,A28,941.1,502.08000000000004,145.5,0.0,915.79
27,A29,942.92,545.298,0.0,0.0,942.92
27,A3,613.79,338.37166666666667,13.71,0.0,507.44
27,A30,632.58,467.3516666666667,195.72,0.0,0.0
27,A31,723.88,526.3,0.0,660.74,406.26
27,A32,911.33,681.5966666666667,911.33,0.0,381.69
27,A33,980.05,700.4175,89.59,854.59,1857.49
27,A34,888.58,509.97,888.58,877.84,0.0
27,A35,825.15,733.11,0.0,0.0,641.07
27,A36,757.76,489.58,0.0,0.0,757.76
27,A37,763.82,763.82,0.0,0.0,763.82
27,A38,934.23,428.7785714285714,0.0,55.4,0.0
27,A39,832.82,573.25,0.0,832.82,322.8
27,A4,707.51,481.42666666666656,0.0,707.51,0.0
27,A40,858.33,486.36999999999995,0.0,316.05,0.0
27,A41,913.75,516.0266666666666,0.0,0.0,304.01
27,A42,999.53,512.85,0.0,0.0,0.0
27,A43,581.54,472.04999999999995,362.56,0.0,0.0
27,A44,903.72,612.9433333333333,504.63,0.0,0.0
27,A45,618.38,529.265,0.0,0.0,0.0
27,A46,885.94,622.5720000000001,418.25,0.0,262.97
27,A47,972.8,912.9,0.0,0.0,1788.19
27,A48,510.68,353.1933333333333,0.0,402.8,146.1
27,A49,315.35,155.12333333333333,0.0,315.35,0.0
27,A5,921.92,449.03999999999996,0.0,51.93,105.9
27,A6,683.55,563.5525,0.0,0.0,0.0
27,A7,566.92,566.92,0.0,0.0,566.92
27,A8,520.24,507.905,0.0,0.0,0.0
27,A9,772.53,534.5275,850.98,0.0,0.0
28,A1,621.24,389.266,773.75,0.0,0.0
28,A10,904.59,439.22200000000004,665.0799999999999,129.08,350.59
28,A11,718.22,409.9475,0.0,0.0,0.0
28,A12,987.85,807.0300000000001,0.0,0.0,1495.19
28,A13,866.5,789.0766666666667,866.5,1500.73,0.0
28,A14,950.86,655.9680000000001,641.96,309.33,950.86
28,A15,767.2,427.50200000000007,0.0,1170.89,216.16
28,A16,670.03,464.078,858.49,0.0,0.0
28,A17,969.1,666.177,0.0,969.1,2310.74
28,A18,603.92,292.9371428571429,855.14,603.92,183.53
28,A19,507.86,354.745,507.86,0.0,0.0
28,A2,977.2,736.4850000000001,638.95,0.0,0.0
28,A20,904.08,660.0475,0.0,217.2,0.0
28,A21,937.1,479.995,0.0,22.89,0.0
28,A22,934.8,673.78,287.39,850.32,0.0
28,A23,636.67,479.12000000000006,0.0,0.0,0.0
28,A24,820.79,424.98333333333335,0.0,820.79,337.48
28,A25,948.01,545.5457142857143,0.0,825.71,661.71
28,A26,682.15,442.0133333333333,0.0,307.88,0.0
28,A27,832.59,737.3833333333333,0.0,1619.31,0.0
28,A28,941.1,502.08000000000004,145.5,0.0,915.79
28,A29,742.93,509.99500000000006,0.0,0.0,0.0
28,A3,613.79,359.81166666666667,13.71,0.0,835.6800000000001
28,A30,632.58,484.15200000000004,0.0,0.0,236.82
28,A31,723.88,526.3,0.0,660.74,406.26
28,A32,911.33,573.01,911.33,0.0,381.69
28,A33,877.44,485.095,89.59,854.59,877.44
28,A34,888.58,509.97,888.58,877.84,0.0
28,A35,825.15,624.9066666666668,0.0,0.0,641.07
28,A36,955.86,608.76,0.0,0.0,757.76
28,A37,763.82,763.82,0.0,0.0,763.82
28,A38,705.08,350.00428571428574,0.0,55.4,0.0
28,A39,832.82,503.264,0.0,1320.93,322.8
28,A4,707.51,625.0633333333334,0.0,707.51,0.0
28,A40,858.33,477.12999999999994,0.0,316.05,444.0
28,A41,913.75,608.88,0.0,0.0,304.01
28,A42,999.53,554.84,0.0,882.74,0.0
28,A43,581.54,501.9533333333333,362.56,0.0,0.0
28,A44,903.72,710.0024999999999,0.0,0.0,0.0
28,A45,943.08,500.55,0.0,0.0,0.0
28,A46,885.94,587.6442857142857,0.0,878.49,262.97
28,A47,972.8,739.4666666666667,85.97,0.0,1788.19
28,A48,402.8,285.31666666666666,307.05,402.8,146.1
28,A49,315.35,188.8775,0.0,315.35,0.0
28,A5,921.92,492.1,0.0,51.93,770.24
28,A6,683.55,446.31,0.0,0.0,129.53
28,A7,640.89,522.4533333333334,0.0,0.0,566.92
28,A8,788.61,601.26,0.0,519.6,788.61
28,A9,961.35,565.2033333333334,1142.74,0.0,0.0
29,A1,621.24,462.784,621.24,520.1,0.0
29,A10,908.15,465.1857142857143,995.47,0.0,350.59
29,A11,817.1,491.378,0.0,0.0,0.0
29,A12,987.85,683.4200000000001,0.0,0.0,2094.46
29,A13,866.5,781.3050000000001,866.5,696.11,0.0
29,A14,950.86,559.09375,901.98,309.33,1263.43
29,A15,996.59,583.70375,0.0,1170.89,216.16
29,A16,622.5,493.66333333333336,858.49,0.0,0.0
29,A17,969.1,642.5244444444445,0.0,1596.72,1463.82
29,A18,603.92,309.945,300.36,603.92,0.0
29,A19,507.86,354.745,507.86,0.0,0.0
29,A2,977.2,669.5050000000001,638.95,0.0,0.0
29,A20,904.08,627.4575000000001,0.0,0.0,86.84
29,A21,937.1,479.995,0.0,22.89,0.0
29,A22,934.8,685.03,871.15,0.0,0.0
29,A23,812.73,724.7,0.0,0.0,0.0
29,A24,913.41,547.09,0.0,820.79,337.48
29,A25,948.01,545.5457142857143,0.0,825.71,661.71
29,A26,945.73,445.396,347.18,307.88,0.0
29,A27,832.59,712.715,0.0,832.59,0.0
29,A28,941.1,941.1,0.0,0.0,0.0
29,A29,742.93,492.68,0.0,0.0,0.0
29,A3,692.65,472.9683333333334,0.0,0.0,835.6800000000001
29,A30,632.58,464.7325,0.0,0.0,236.82
29,A31,873.56,632.4983333333333,0.0,1476.97,406.26
29,A32,911.33,578.476,1511.67,0.0,381.69
29,A33,877.44,561.8900000000001,89.59,854.59,877.44
29,A34,888.58,509.97,888.58,877.84,0.0
29,A35,828.57,675.8225000000001,0.0,828.57,641.07
29,A36,955.86,694.355,0.0,0.0,757.76
29,A37,763.82,746.165,0.0,0.0,763.82
29,A38,705.08,430.3433333333333,0.0,0.0,0.0
29,A39,591.57,390.595,0.0,488.11,201.68
29,A4,707.51,676.51,0.0,707.51,0.0
29,A40,940.97,602.1139999999999,0.0,0.0,1384.97
29,A41,913.75,608.88,0.0,0.0,304.01
29,A42,999.53,536.3954545454545,0.0,1237.5,616.73
29,A43,741.35,512.0699999999999,362.56,0.0,276.57
29,A44,905.31,640.6616666666666,905.31,0.0,0.0
29,A45,943.08,472.308,0.0,0.0,0.0
29,A46,885.94,641.7566666666668,0.0,878.49,0.0
29,A47,972.8,661.465,85.97,0.0,1788.19
29,A48,790.07,499.97333333333336,307.05,402.8,790.07
29,A49,315.35,230.53333333333333,0.0,315.35,0.0
29,A5,921.92,767.5566666666667,0.0,0.0,664.34
29,A6,678.71,406.77,0.0,0.0,129.53
29,A7,774.2,603.116,0.0,0.0,1341.12
29,A8,788.61,535.4725,0.0,519.6,788.61
29,A9,961.35,575.324,1142.74,0.0,0.0
30,A1,621.24,496.07250000000005,621.24,520.1,0.0
30,A10,908.15,465.1857142857143,995.47,0.0,350.59
30,A11,817.1,612.1524999999999,0.0,0.0,0.0
30,A12,987.85,727.44,0.0,0.0,1587.12
30,A13,866.5,781.3050000000001,866.5,696.11,0.0
30,A14,950.86,559.09375,901.98,309.33,1263.43
30,A15,996.59,557.49,0.0,403.69,216.16
30,A16,622.5,493.66333333333336,858.49,0.0,0.0
30,A17,969.1,685.3100000000001,0.0,1596.72,1463.82
30,A18,603.92,309.945,300.36,603.92,0.0
30,A19,911.74,540.41,507.86,0.0,0.0
30,A2,977.2,687.8720000000001,638.95,0.0,0.0
30,A20,707.38,397.11,707.38,0.0,86.84
30,A21,937.1,479.995,0.0,22.89,0.0
30,A22,934.8,640.6185714285714,1054.76,574.62,0.0
30,A23,812.73,812.73,0.0,0.0,0.0
30,A24,913.41,547.09,0.0,820.79,337.48
30,A25,979.22,590.9042857142857,0.0,825.71,979.22
30,A26,945.73,445.396,347.18,307.88,0.0
30,A27,592.84,476.47,0.0,0.0,360.1
30,A29,742.93,482.46400000000006,0.0,0.0,0.0
30,A3,692.65,520.3033333333334,0.0,0.0,328.24
30,A30,874.19,535.3075,0.0,0.0,236.82
30,A31,873.56,614.222,0.0,1476.97,406.26
30,A32,911.33,539.29,1511.67,0.0,0.0
30,A33,877.44,536.5916666666668,89.59,854.59,877.44
30,A34,888.58,387.34666666666664,888.58,0.0,0.0
30,A35,828.57,687.4066666666668,0.0,828.57,0.0
30,A36,955.86,888.2533333333334,0.0,0.0,757.76
30,A37,728.51,728.51,0.0,0.0,0.0
30,A38,705.08,430.3433333333333,0.0,0.0,0.0
30,A39,591.57,390.595,0.0,488.11,201.68
30,A4,645.51,645.51,0.0,0.0,0.0
30,A40,940.97,538.06,0.0,0.0,1384.97
30,A41,913.75,913.75,0.0,0.0,0.0
30,A42,882.74,547.9111111111112,0.0,1237.5,616.73
30,A43,741.35,541.972,0.0,0.0,276.57
30,A44,905.31,682.698,905.31,0.0,0.0
30,A45,943.08,472.308,0.0,0.0,0.0
30,A46,885.94,576.21,0.0,878.49,0.0
30,A47,950.51,583.9216666666666,85.97,0.0,0.0
30,A48,790.07,499.97333333333336,307.05,402.8,790.07
30,A49,315.35,302.745,0.0,315.35,0.0
30,A5,921.92,767.5566666666667,0.0,0.0,664.34
30,A6,678.71,426.24142857142857,0.0,0.0,129.53
30,A7,883.46,575.87125,1227.93,0.0,1704.58
30,A8,788.61,436.27799999999996,0.0,519.6,788.61
30,A9,961.35,541.75,433.12,0.0,0.0
